timestamp,close,ema20,ema50,rsi14,momentum,volatility,volume,volume_change,target
1791025800,1512497000.0,1512497651.3202007,1512497672.5490196,43.9142777704889,-6.611578990517674e-05,6.611583361818239e-05,0.00048994,-75.6904268093003,0
1791025860,1512497000.0,1512497589.2897053,1512497646.1745481,43.9142777704889,-6.611578990517674e-05,6.611583361818239e-05,0.00222867,354.8863126097073,1
1791025920,1512498000.0,1512497628.4049714,1512497660.050056,53.026380351076185,0.0,0.0,4.841e-05,-97.82785248601184,0
1791025980,1512498000.0,1512497663.794974,1512497673.3814263,53.026380351076185,0.0,6.611578990517674e-05,0.00356899,7272.423053088205,0
1791026040,1512498000.0,1512497695.8145003,1512497686.189998,53.026380351076185,6.611583361818239e-05,0.0,9.132e-05,-97.44129291480222,0
1791026100,1512498000.0,1512497724.7845478,1512497698.4962726,53.026380351076185,6.611583361818239e-05,0.0,0.00077332,746.8243539202804,0
1791026160,1512497000.0,1512497655.757448,1512497671.1042619,43.516788918166235,0.0,6.611583361818239e-05,0.042359,5377.551337092019,0
1791026220,1512497000.0,1512497593.3043578,1512497644.7864478,43.516788918166235,-6.611578990517674e-05,6.611583361818239e-05,0.00018818,-99.5557496635898,1
1791026280,1512498000.0,1512497632.037276,1512497658.716391,53.241928313701216,0.0,6.611578990517674e-05,0.00044934,138.78201721755764,0
1791026340,1512497000.0,1512497571.8432498,1512497632.8843758,44.913904616822535,-6.611578990517674e-05,6.611583361818239e-05,0.0002048,-54.4220412160057,0
1791026400,1512497000.0,1512497517.3819878,1512497608.0653806,44.913904616822535,-6.611578990517674e-05,6.611583361818239e-05,0.00188102,818.466796875,1
1791026460,1512498000.0,1512497563.345608,1512497623.4353657,53.37252345023526,6.611583361818239e-05,0.0,0.00016128,-91.42592848560888,0
1791026520,1512498000.0,1512497604.9317405,1512497638.2026062,53.37252345023526,6.611583361818239e-05,6.611578990517674e-05,0.00040243,149.52256944444443,0
1791026580,1512498000.0,1512497642.5572891,1512497652.3907392,53.37252345023526,0.0,6.611578990517674e-05,0.0201295,4901.987923365555,0
1791026640,1512498000.0,1512497676.599452,1512497666.022475,53.37252345023526,6.611583361818239e-05,0.0,0.00037003,-98.16175265158101,0
1791026700,1512498000.0,1512497707.3995042,1512497679.119633,53.37252345023526,6.611583361818239e-05,6.611578990517674e-05,0.001085,193.21946869172774,0
1791026760,1512498000.0,1512497735.2662182,1512497691.7031767,53.37252345023526,0.0,6.611578990517674e-05,0.00115194,6.169585253456214,0
1791026820,1512498000.0,1512497760.4789593,1512497703.7932482,53.37252345023526,0.0,6.611578990517674e-05,0.00427985,271.53410767921946,0
1791026880,1512498000.0,1512497783.290487,1512497715.4091992,53.37252345023526,0.0,0.0,0.00048232,-88.73044616049629,0
1791026940,1512498000.0,1512497803.9294882,1512497726.5696228,53.37252345023526,0.0,6.611578990517674e-05,0.00362516,651.6088903632443,0
1791027000,1512497000.0,1512497727.364775,1512497698.0766964,41.0819822673443,-6.611578990517674e-05,6.611583361818239e-05,0.00085378,-76.44848779088372,1
1791027060,1512498000.0,1512497753.3300345,1512497709.916826,52.78975335383452,0.0,6.611578990517674e-05,0.00368365,331.4518962730446,0
1791027120,1512498000.0,1512497776.8224123,1512497721.2926369,52.78975335383452,0.0,6.611578990517674e-05,0.00055515,-84.92934996538759,0
1791027180,1512497000.0,1512497702.8393254,1512497693.0066512,42.90245560292866,-6.611578990517674e-05,6.611583361818239e-05,0.00048025,-13.491849049806365,1
1791027240,1512498000.0,1512497731.140342,1512497705.0456061,52.4861486985,0.0,6.611578990517674e-05,0.00050963,6.117647058823522,0
1791027300,1512498000.0,1512497756.7460237,1512497716.612445,52.4861486985,6.611583361818239e-05,0.0,3.298e-05,-93.52863842395463,0
1791027360,1512497000.0,1512497684.6749737,1512497688.5099962,43.93382963126654,-6.611578990517674e-05,6.611583361818239e-05,0.00154118,4573.074590661007,1
1791027420,1512498000.0,1512497714.7059286,1512497700.7252905,52.3035332691033,0.0,0.0,0.00033753,-78.0992486276749,0
1791027480,1512498000.0,1512497741.8767924,1512497712.4615536,52.3035332691033,6.611583361818239e-05,0.0,0.00046022,36.34936153823364,0
1791027540,1512498000.0,1512497766.459955,1512497723.737571,52.3035332691033,0.0,6.611578990517674e-05,0.00469275,919.675372647864,0
1791027600,1512498000.0,1512497788.701864,1512497734.5713918,52.3035332691033,0.0,6.611578990517674e-05,0.00017037,-96.3695061531085,0
1791027660,1512498000.0,1512497808.825496,1512497744.980357,52.30353326910331,6.611583361818239e-05,0.0,5.968e-05,-64.97035863121442,0
1791027720,1512497000.0,1512497731.7944963,1512497715.765441,43.00434673015549,-6.611578990517674e-05,6.611583361818239e-05,0.0003254,445.2412868632708,0
1791027780,1512497000.0,1512497662.0997825,1512497687.696208,43.00434673015549,-6.611578990517674e-05,0.00013223166723636478,0.0001682,-48.30977258758451,1
1791027840,1512501000.0,1512497979.9950414,1512497817.5904744,68.76590784729653,0.00019834736971553022,0.0002644626350660264,0.00787559,4582.277051129608,0
1791027900,1512501000.0,1512498267.6145613,1512497942.390848,68.76590784729653,0.00019834736971553022,0.0,0.00035055,-95.54890490744185,0
1791027960,1512497000.0,1512498146.889365,1512497905.434344,45.11596629953308,-6.611578990517674e-05,0.00026446333447272956,0.00276661,689.2197974611327,0
1791028020,1512497000.0,1512498037.6618063,1512497869.927115,45.11596629953308,0.0,0.03411577014698211,0.00877334,217.1151698287796,1
1791028080,1513013000.0,1512547081.6940153,1512518071.106444,98.9536655504886,0.03411577014698211,0.03383976211704724,0.0040261,-54.10983730255523,0
1791028140,1513000000.0,1512590216.7707758,1512536970.2787402,96.38833529348243,0.03299171372448679,0.0007931262392597488,0.00062903,-84.3761953255011,1
1791028200,1513013000.0,1512630481.8402257,1512555638.1109464,96.48642980631077,0.03385121728845138,0.0008592127100031528,0.00706928,1023.8382907015563,0
1791028260,1513013000.0,1512666912.1411567,1512573573.8713014,96.48642980631077,0.03411577014698211,0.0008592127100031528,0.00945861,33.79877441549917,0
1791028320,1513013000.0,1512699872.889618,1512590806.2685053,96.48642980631077,0.03411577014698211,0.0,0.000407,-95.69704216581508,0
1791028380,1513013000.0,1512729694.5191782,1512607362.8854268,96.48642980631077,0.0,0.0008592127100031528,0.00020049,-50.73955773955774,0
1791028440,1513013000.0,1512756675.9935422,1512623270.2232533,96.48642980631077,0.0008592200925313946,0.0,0.00333186,1561.8584468053268,0
1791028500,1513013000.0,1512781087.8036811,1512638553.74391,96.48642980631077,0.0,0.0008592127100031528,0.0027071,-18.751087980887547,0
1791028560,1513012000.0,1512803079.4414258,1512653198.6951294,96.17298927668955,-6.60932853848579e-05,0.000793119948817326,0.00027991,-89.66015293118097,1
1791028620,1513013000.0,1512823071.8755758,1512667308.5502224,96.18633114283674,0.0,0.0008592127100031528,0.00318978,1039.5734343181737,0
1791028680,1513000000.0,1512839922.17314,1512680355.2737432,91.71020221843102,-0.0008592127100031528,0.0007931262392597488,5.663e-05,-98.22464245183053,1
1791028740,1513013000.0,1512856405.7756982,1512693400.164969,92.10582445193481,0.0,0.0008592127100031528,0.00521935,9116.581317322974,0
1791028800,1512497000.0,1512822176.6542032,1512685698.1977153,30.298080033538767,-0.034104135258586674,0.03411577014698211,0.01164406,123.09406343701801,1
1791028860,1512581000.0,1512799207.449041,1512681592.3860402,37.63495787933436,-0.028486224828355625,0.03411387555443312,0.00540648,-53.56877240412709,1
1791028920,1512600000.0,1512780235.311037,1512678392.6846268,39.194049464278315,-0.027296526863946312,0.028560095200317333,0.0001939,-96.41356298367883,1
1791028980,1513013000.0,1512802403.3766525,1512691514.5401316,61.64170001144854,0.0008592200925313946,0.02855229928625861,0.00675107,3381.727694687983,0
1791029040,1513013000.0,1512822460.1979237,1512704121.8130677,61.64170001144855,0.0,0.0,0.00344243,-49.00912003578692,0
1791029100,1513013000.0,1512840606.8457406,1512716234.6831434,61.64170001144855,0.03411577014698211,0.0,0.0001374,-96.00863343626449,0
1791029160,1513013000.0,1512857025.2413843,1512727872.5387063,61.64170001144855,0.028560453952548658,0.0,0.00185514,1250.174672489083,0
1791029220,1513013000.0,1512871879.9803,1512739054.0077767,61.64170001144855,0.02730397990215523,0.02855229928625861,0.0020187,8.816585271192476,0
1791029280,1513013000.0,1512885319.982176,1512749796.987864,61.64170001144855,0.0,0.02855229928625861,0.00061268,-69.64977460742062,0
1791029340,1513013000.0,1512897479.9838736,1512760118.6746144,61.64170001144855,0.0,0.02855229928625861,0.00525152,757.1391264607952,0
1791029400,1513013000.0,1512908481.8901713,1512770035.5893354,61.64170001144855,0.0,6.60932853848579e-05,0.00323241,-38.44810645298885,0
1791029460,1513013000.0,1512918435.9958692,1512779563.60544,61.64170001144855,0.0,0.0,0.00075462,-76.65457042887505,0
1791029520,1513013000.0,1512927442.0915008,1512788717.973854,61.64170001144855,0.0,0.02855229928625861,0.00034353,-54.476425220640856,0
1791029580,1513013000.0,1512935590.4637387,1512797513.3474283,61.64170001144855,0.0,0.022736090172391116,0.00042589,23.974616481821098,0
1791029640,1513013000.0,1512942962.8005254,1512805963.8043919,61.64170001144855,0.0,0.022736090172391116,0.0045609,970.9103289581817,0
1791029700,1512669000.0,1512916871.1052372,1512800592.6748078,35.25899465008756,-0.022736090172391116,0.02274126064591791,0.00467822,2.572299326887251,1
1791029760,1513013000.0,1512926026.2380717,1512808922.3738348,55.68489425855407,0.0,0.022075157318542538,0.00135625,-71.0092727575873,0
1791029820,1513013000.0,1512934309.4534934,1512816925.417998,55.68489425855407,0.0,0.022075157318542538,0.00485798,258.1920737327189,0
1791029880,1513013000.0,1512941803.791256,1512824614.6172922,55.68489425855407,0.0,0.022075157318542538,0.00027731,-94.29166031972136,0
1791029940,1513013000.0,1512948584.382565,1512832002.279359,55.68489425855407,0.0,0.02200906403315768,0.00345212,1144.8595434712056,0
1791030000,1513013000.0,1512954719.203273,1512839100.2291882,55.68489425855408,0.02274126064591791,0.0,0.0,-100.0,0
1791030060,1512682000.0,1512928745.9458184,1512832939.4358866,38.67708281831646,-0.021876877462387964,0.0,0.0,0,1
1791030120,1515257000.0,1513150484.427169,1512928000.6344793,82.76889888241881,0.14831333240362113,0.0,0.0,0,0
1791030180,1515131000.0,1513339104.9579148,1513014392.7664604,79.7473512637992,0.13998557844512902,0.0,0.0,0,1
1791030240,1517076000.0,1513694999.7238276,1513173671.481501,87.39621578299656,0.2685370185186776,0.0,0.0,0,1
