timestamp,close,ema20,ema50,rsi14,momentum,volatility,volume,volume_change,future_return,target
1791025800,1512497000.0,1512497651.3202007,1512497672.5490196,43.9142777704889,-6.611578990517673e-07,6.611583361818239e-07,0.00048994,-0.756904268093003,6.611583361818239e-07,0
1791025860,1512497000.0,1512497589.2897053,1512497646.1745481,43.9142777704889,-6.611578990517673e-07,6.611583361818239e-07,0.00222867,3.548863126097073,6.611583361818239e-07,0
1791025920,1512498000.0,1512497628.4049714,1512497660.050056,53.026380351076185,0.0,0.0,4.841e-05,-0.9782785248601183,0.0,0
1791025980,1512498000.0,1512497663.794974,1512497673.3814263,53.026380351076185,0.0,6.611578990517673e-07,0.00356899,72.72423053088205,0.0,0
1791026040,1512498000.0,1512497695.8145003,1512497686.189998,53.026380351076185,6.611583361818239e-07,0.0,9.132e-05,-0.9744129291480222,0.0,0
1791026100,1512498000.0,1512497724.7845478,1512497698.4962726,53.026380351076185,6.611583361818239e-07,0.0,0.00077332,7.4682435392028035,-6.611578990517673e-07,0
1791026160,1512497000.0,1512497655.757448,1512497671.1042619,43.516788918166235,0.0,6.611583361818239e-07,0.042359,53.77551337092019,6.611583361818239e-07,0
1791026220,1512497000.0,1512497593.3043578,1512497644.7864478,43.516788918166235,-6.611578990517673e-07,6.611583361818239e-07,0.00018818,-0.9955574966358979,6.611583361818239e-07,0
1791026280,1512498000.0,1512497632.037276,1512497658.716391,53.241928313701216,0.0,6.611578990517673e-07,0.00044934,1.3878201721755763,-6.611578990517673e-07,0
1791026340,1512497000.0,1512497571.8432498,1512497632.8843758,44.913904616822535,-6.611578990517673e-07,6.611583361818239e-07,0.0002048,-0.544220412160057,6.611583361818239e-07,0
1791026400,1512497000.0,1512497517.3819878,1512497608.0653806,44.913904616822535,-6.611578990517673e-07,6.611583361818239e-07,0.00188102,8.18466796875,6.611583361818239e-07,0
1791026460,1512498000.0,1512497563.345608,1512497623.4353657,53.37252345023526,6.611583361818239e-07,0.0,0.00016128,-0.9142592848560888,-6.611578990517673e-07,0
1791026520,1512498000.0,1512497604.9317405,1512497638.2026062,53.37252345023526,6.611583361818239e-07,6.611578990517673e-07,0.00040243,1.4952256944444444,0.0,0
1791026580,1512498000.0,1512497642.5572891,1512497652.3907392,53.37252345023526,0.0,6.611578990517673e-07,0.0201295,49.01987923365555,0.0,0
1791026640,1512498000.0,1512497676.599452,1512497666.022475,53.37252345023526,6.611583361818239e-07,0.0,0.00037003,-0.9816175265158101,0.0,0
1791026700,1512498000.0,1512497707.3995042,1512497679.119633,53.37252345023526,6.611583361818239e-07,6.611578990517673e-07,0.001085,1.9321946869172775,0.0,0
1791026760,1512498000.0,1512497735.2662182,1512497691.7031767,53.37252345023526,0.0,6.611578990517673e-07,0.00115194,0.06169585253456214,0.0,0
1791026820,1512498000.0,1512497760.4789593,1512497703.7932482,53.37252345023526,0.0,6.611578990517673e-07,0.00427985,2.7153410767921944,-6.611578990517673e-07,0
1791026880,1512498000.0,1512497783.290487,1512497715.4091992,53.37252345023526,0.0,0.0,0.00048232,-0.8873044616049628,-6.611578990517673e-07,0
1791026940,1512498000.0,1512497803.9294882,1512497726.5696228,53.37252345023526,0.0,6.611578990517673e-07,0.00362516,6.516088903632443,1.983473697155302e-06,0
1791027000,1512497000.0,1512497727.364775,1512497698.0766964,41.0819822673443,-6.611578990517673e-07,6.611583361818239e-07,0.00085378,-0.7644848779088372,2.6446333447272954e-06,0
1791027060,1512498000.0,1512497753.3300345,1512497709.916826,52.78975335383452,0.0,6.611578990517673e-07,0.00368365,3.314518962730446,-6.611578990517673e-07,0
1791027120,1512498000.0,1512497776.8224123,1512497721.2926369,52.78975335383452,0.0,6.611578990517673e-07,0.00055515,-0.8492934996538759,-6.611578990517673e-07,0
1791027180,1512497000.0,1512497702.8393254,1512497693.0066512,42.90245560292866,-6.611578990517673e-07,6.611583361818239e-07,0.00048025,-0.13491849049806365,0.0003411577014698211,0
1791027240,1512498000.0,1512497731.140342,1512497705.0456061,52.4861486985,0.0,6.611578990517673e-07,0.00050963,0.06117647058823522,0.0003319012653239872,0
1791027300,1512498000.0,1512497756.7460237,1512497716.612445,52.4861486985,6.611583361818239e-07,0.0,3.298e-05,-0.9352863842395464,0.00034049631801166016,0
1791027360,1512497000.0,1512497684.6749737,1512497688.5099962,43.93382963126654,-6.611578990517673e-07,6.611583361818239e-07,0.00154118,45.730745906610075,0.0003411577014698211,0
1791027420,1512498000.0,1512497714.7059286,1512497700.7252905,52.3035332691033,0.0,0.0,0.00033753,-0.780992486276749,0.00034049631801166016,0
1791027480,1512498000.0,1512497741.8767924,1512497712.4615536,52.3035332691033,6.611583361818239e-07,0.0,0.00046022,0.3634936153823364,0.00034049631801166016,0
1791027540,1512498000.0,1512497766.459955,1512497723.737571,52.3035332691033,0.0,6.611578990517673e-07,0.00469275,9.19675372647864,0.00034049631801166016,0
1791027600,1512498000.0,1512497788.701864,1512497734.5713918,52.3035332691033,0.0,6.611578990517673e-07,0.00017037,-0.9636950615310851,0.00034049631801166016,0
1791027660,1512498000.0,1512497808.825496,1512497744.980357,52.30353326910331,6.611583361818239e-07,0.0,5.968e-05,-0.6497035863121442,0.0003398351601126084,0
1791027720,1512497000.0,1512497731.7944963,1512497715.765441,43.00434673015549,-6.611578990517673e-07,6.611583361818239e-07,0.0003254,4.452412868632708,0.0003411577014698211,0
1791027780,1512497000.0,1512497662.0997825,1512497687.696208,43.00434673015549,-6.611578990517673e-07,1.3223166723636477e-06,0.0001682,-0.4830977258758451,0.00033256264309945737,0
1791027840,1512501000.0,1512497979.9950414,1512497817.5904744,68.76590784729653,1.983473697155302e-06,2.644626350660264e-06,0.00787559,45.82277051129608,0.0003385121728845138,0
1791027900,1512501000.0,1512498267.6145613,1512497942.390848,68.76590784729653,1.983473697155302e-06,0.0,0.00035055,-0.9554890490744186,-2.644626350660264e-06,0
1791027960,1512497000.0,1512498146.889365,1512497905.434344,45.11596629953308,-6.611578990517673e-07,2.6446333447272954e-06,0.00276661,6.892197974611326,5.55373002392732e-05,0
1791028020,1512497000.0,1512498037.6618063,1512497869.927115,45.11596629953308,0.0,0.0003411577014698211,0.00877334,2.171151698287796,6.809930862672785e-05,0
1791028080,1513013000.0,1512547081.6940153,1512518071.106444,98.9536655504886,0.0003411577014698211,0.0003383976211704724,0.0040261,-0.5410983730255523,0.0,0
1791028140,1513000000.0,1512590216.7707758,1512536970.2787402,96.38833529348243,0.0003299171372448679,7.931262392597488e-06,0.00062903,-0.843761953255011,8.592200925313946e-06,0
1791028200,1513013000.0,1512630481.8402257,1512555638.1109464,96.48642980631077,0.0003385121728845138,8.592127100031527e-06,0.00706928,10.238382907015563,0.0,0
1791028260,1513013000.0,1512666912.1411567,1512573573.8713014,96.48642980631077,0.0003411577014698211,8.592127100031527e-06,0.00945861,0.33798774415499167,0.0,0
1791028320,1513013000.0,1512699872.889618,1512590806.2685053,96.48642980631077,0.0003411577014698211,0.0,0.000407,-0.9569704216581507,0.0,0
1791028380,1513013000.0,1512729694.5191782,1512607362.8854268,96.48642980631077,0.0,8.592127100031527e-06,0.00020049,-0.5073955773955774,0.0,0
1791028440,1513013000.0,1512756675.9935422,1512623270.2232533,96.48642980631077,8.592200925313946e-06,0.0,0.00333186,15.618584468053267,0.0,0
1791028500,1513013000.0,1512781087.8036811,1512638553.74391,96.48642980631077,0.0,8.592127100031527e-06,0.0027071,-0.18751087980887549,0.0,0
1791028560,1513012000.0,1512803079.4414258,1512653198.6951294,96.17298927668955,-6.609328538485789e-07,7.93119948817326e-06,0.00027991,-0.8966015293118097,6.60933290681105e-07,0
1791028620,1513013000.0,1512823071.8755758,1512667308.5502224,96.18633114283674,0.0,8.592127100031527e-06,0.00318978,10.395734343181736,0.0,0
1791028680,1513000000.0,1512839922.17314,1512680355.2737432,91.71020221843102,-8.592127100031527e-06,7.931262392597488e-06,5.663e-05,-0.9822464245183053,8.592200925313946e-06,0
1791028740,1513013000.0,1512856405.7756982,1512693400.164969,92.10582445193481,0.0,8.592127100031527e-06,0.00521935,91.16581317322974,0.0,0
1791028800,1512497000.0,1512822176.6542032,1512685698.1977153,30.298080033538767,-0.00034104135258586674,0.0003411577014698211,0.01164406,1.23094063437018,0.0001137192338232737,0
1791028860,1512581000.0,1512799207.449041,1512681592.3860402,37.63495787933436,-0.00028486224828355624,0.0003411387555443312,0.00540648,-0.5356877240412709,0.0002856045395254866,0
1791028920,1512600000.0,1512780235.311037,1512678392.6846268,39.194049464278315,-0.0002729652686394631,0.00028560095200317335,0.0001939,-0.9641356298367884,0.0002730397990215523,0
1791028980,1513013000.0,1512802403.3766525,1512691514.5401316,61.64170001144854,8.592200925313946e-06,0.0002855229928625861,0.00675107,33.81727694687983,0.0,0
1791029040,1513013000.0,1512822460.1979237,1512704121.8130677,61.64170001144855,0.0,0.0,0.00344243,-0.4900912003578692,0.0,0
1791029100,1513013000.0,1512840606.8457406,1512716234.6831434,61.64170001144855,0.0003411577014698211,0.0,0.0001374,-0.9600863343626449,0.0,0
1791029160,1513013000.0,1512857025.2413843,1512727872.5387063,61.64170001144855,0.0002856045395254866,0.0,0.00185514,12.501746724890829,-0.00021876877462387962,0
1791029220,1513013000.0,1512871879.9803,1512739054.0077767,61.64170001144855,0.0002730397990215523,0.0002855229928625861,0.0020187,0.08816585271192476,0.0014831333240362113,0
1791029280,1513013000.0,1512885319.982176,1512749796.987864,61.64170001144855,0.0,0.0002855229928625861,0.00061268,-0.6964977460742062,0.0013998557844512901,0
1791029340,1513013000.0,1512897479.9838736,1512760118.6746144,61.64170001144855,0.0,0.0002855229928625861,0.00525152,7.571391264607952,0.0026853701851867764,0
1791029400,1513013000.0,1512908481.8901713,1512770035.5893354,61.64170001144855,0.0,6.609328538485789e-07,0.00323241,-0.3844810645298885,0.0026860311180406248,0
1791029460,1513013000.0,1512918435.9958692,1512779563.60544,61.64170001144855,0.0,0.0,0.00075462,-0.7665457042887505,0.002053518376907535,0
1791029520,1513013000.0,1512927442.0915008,1512788717.973854,61.64170001144855,0.0,0.0002855229928625861,0.00034353,-0.5447642522064086,0.0029352028039415392,0
1791029580,1513013000.0,1512935590.4637387,1512797513.3474283,61.64170001144855,0.0,0.00022736090172391116,0.00042589,0.23974616481821098,0.0029352028039415392,0
1791029640,1513013000.0,1512942962.8005254,1512805963.8043919,61.64170001144855,0.0,0.00022736090172391116,0.0045609,9.709103289581817,0.002684048319479079,0
1791029700,1512669000.0,1512916871.1052372,1512800592.6748078,35.25899465008756,-0.00022736090172391116,0.0002274126064591791,0.00467822,0.02572299326887251,0.002912071312362453,0
1791029760,1513013000.0,1512926026.2380717,1512808922.3738348,55.68489425855407,0.0,0.00022075157318542538,0.00135625,-0.7100927275758729,0.002682726453771382,0
1791029820,1513013000.0,1512934309.4534934,1512816925.417998,55.68489425855407,0.0,0.00022075157318542538,0.00485798,2.581920737327189,0.002684048319479079,0
1791029880,1513013000.0,1512941803.791256,1512824614.6172922,55.68489425855407,0.0,0.00022075157318542538,0.00027731,-0.9429166031972136,0.0010964876045347924,0
1791029940,1513013000.0,1512948584.382565,1512832002.279359,55.68489425855407,0.0,0.00022009064033157679,0.00345212,11.448595434712056,0.002684048319479079,0
1791030000,1513013000.0,1512954719.203273,1512839100.2291882,55.68489425855408,0.0002274126064591791,0.0,0.0,-1.0,0.0026833873866252307,0
1791030060,1512682000.0,1512928745.9458184,1512832939.4358866,38.67708281831646,-0.00021876877462387962,0.0,0.0,0.0,0.0029027912013232125,0
1791030120,1515257000.0,1513150484.427169,1512928000.6344793,82.76889888241881,0.0014831333240362113,0.0,0.0,0.0,0.0011984765620617493,0
1791030180,1515131000.0,1513339104.9579148,1513014392.7664604,79.7473512637992,0.0013998557844512901,0.0,0.0,0.0,0.00015906215370156112,0
1791030240,1517076000.0,1513694999.7238276,1513173671.481501,87.39621578299656,0.0026853701851867764,0.0,0.0,0.0,-2.636651031326051e-06,0
1791030300,1517077000.0,1514017094.988225,1513326743.188109,87.39885084214525,0.0026860311180406248,0.0,0.0,0.0,-3.295811616681289e-06,0
1791030360,1516120000.0,1514217371.656013,1513436282.6709282,71.90541825314189,0.002272784365782101,0.0015163707358256603,0.01148286,0.0,-0.0008060048017307337,0
1791030420,1517454000.0,1514525621.974488,1513593840.2132447,77.81041518178839,0.001449919056635277,0.0018333339923318928,0.00503444,-0.5615691561161592,-0.00032949927971457455,0
1791030480,1517454000.0,1514804515.1197748,1513745219.0284116,77.81041518178839,0.0015332007595382842,0.0008791040782784848,0.00023817,-0.952691858478798,-0.00032949927971457455,0
1791030540,1517074000.0,1515020656.5369391,1513875759.45867,72.75826150732624,-1.3183255156630255e-06,0.0006288420999898489,0.00013982,-0.41294033673426545,-0.0011218964928540072,0
1791030600,1517074000.0,1515216213.0572307,1514001180.6563692,72.75826150732622,-1.9774869700087736e-06,0.0006288420999898489,0.00027888,0.9945644399942785,-0.0014343400519684604,0
1791030660,1517072000.0,1515392954.6708279,1514121604.9443548,72.72943680639563,0.0006279186344088859,0.0006288429290106205,0.00171512,5.150028686173265,-0.0014330236139088982,0
1791030720,1517074000.0,1515553054.2259872,1514237385.1426153,72.74106670790336,-0.00025041945258307664,0.0012807549269185287,0.00667089,2.889459629646905,-0.0014343400519684604,0
1791030780,1514672000.0,1515469144.2997026,1514254428.8625128,46.8818885396914,-0.0018333339923318928,0.00158582188090887,0.02810527,3.2131214875376455,0.00014920722110133415,0
1791030840,1517074000.0,1515621987.6997309,1514365000.2796693,61.58772582634957,0.0,0.0017421694656951474,0.00232267,-0.9173582036393887,-0.00023136643301513308,0
1791030900,1517073000.0,1515760179.3473756,1514471196.3471332,61.58008220657824,-6.59163626823741e-07,0.0017415114500093272,0.000698,-0.6994837837488752,-0.00023070742146225,0
1791030960,1517073000.0,1515885209.8857207,1514573227.862932,61.58008220657823,6.591644958182604e-07,0.0014409326380470816,0.00573975,7.223137535816619,-0.0013664470991178407,0
1791031020,1517073000.0,1515998332.7537472,1514671258.142817,61.58008220657823,-6.59163626823741e-07,0.0,0.00043306,-0.9245507208502113,-0.0013664470991178407,0
1791031080,1515372000.0,1515938682.015295,1514698738.2156477,48.73108224911333,0.0004621462600483801,0.001121836750316094,0.00021431,-0.5051263104419711,0.0008915302645159076,0
1791031140,1517072000.0,1516046617.0614574,1514791807.3052301,58.13324307196251,-1.318327253647482e-06,0.0014330236139088982,0.00045164,1.1074144930241239,-1.977493487454781e-06,0
1791031200,1517072000.0,1516144272.579414,1514881226.6265936,58.13324307196251,-6.591640613207143e-07,0.0012992132212577914,0.00913871,19.234500929944204,-1.3183289916365209e-06,0
1791031260,1514898000.0,1516025579.9528031,1514881884.405943,45.70258150808301,-0.0014336818333725535,0.0014350801176052778,0.00167851,-0.8163296570303685,0.0009043513160622035,0
1791031320,1516954000.0,1516114000.909679,1514963143.841004,55.41278426547567,-7.8440523297165e-05,7.77874609249852e-05,0.02327988,12.869372240856473,7.910589246608665e-05,0
1791031380,1516954000.0,1516194000.8230429,1515041216.6315527,55.41278426547568,0.0010439680817647416,0.0010428793490112422,0.00068201,-0.9707038867897945,7.910589246608665e-05,0
1791031440,1515372000.0,1516115715.0303721,1515054188.5283546,47.78658956454291,-0.0011205796428910427,0.0,0.0,-1.0,0.0011224966542868681,0
1791031500,1514898000.0,1515999742.1703367,1515048063.488027,45.75474446108659,-0.0014330236139088982,0.0003128923531485288,0.00140241,0.0,0.0014350801176052778,0
1791031560,1514898000.0,1515894814.3445904,1515042178.6453593,45.75474446108659,0.0,0.0,0.0,-1.0,0.001260150848439961,0
1791031620,1514898000.0,1515799879.6451056,1515036524.5808353,45.75474446108659,-0.0013553476242522844,0.0,1.391e-05,0.0,0.001260150848439961,0
1791031680,1514898000.0,1515713986.3455718,1515031092.244332,45.75474446108659,-0.0013553476242522844,0.0,1.659e-05,0.19266714593817383,0.0014357402280549582,0
1791031740,1516723000.0,1515810082.8840888,1515097441.5680838,55.54378827885814,0.0008915302645159076,0.0,0.00013104,6.89873417721519,0.00023076065965901485,0
1791031800,1516723000.0,1515897027.3713183,1515161188.9575708,55.54378827885814,0.001204701570666804,0.0,6.361e-05,-0.514575702075702,0.0001826305792158489,0
1791031860,1515000000.0,1515811596.1930976,1515154867.8219798,46.37954213604765,6.733126586740494e-05,0.0,6.62e-06,-0.8959283131583085,0.0011927392739273927,0
1791031920,1515000000.0,1515734301.3175645,1515148794.574059,46.37954213604765,6.733126586740494e-05,0.0002455445544554455,4.185e-05,5.3217522658610275,0.0013683168316831684,0
1791031980,1516723000.0,1515828463.096844,1515210528.1201744,54.99188714277197,0.001204701570666804,0.0,0.00073779,16.629390681003585,5.5382558318163565e-05,0
1791032040,1517069000.0,1515946609.468573,1515283409.3703637,56.50276063014975,0.00022812339497719754,0.00022807136656276017,0.00047824,-0.35179387088466907,1.977497397943007e-06,0
1791032100,1517070000.0,1516053599.0429947,1515353471.7479966,56.50730488000019,0.00022878271114765188,0.000528650622581687,0.00031283,-0.34587236533957844,1.9774960944452134e-06,0
1791032160,1516268000.0,1516074018.1817572,1515389335.6010163,51.830542414226,0.000836963696369637,0.0,0.0,-1.0,0.000355478055330588,0
1791032220,1517074000.0,1516169254.5453994,1515455400.8715646,55.79059326143474,0.001368976897689769,2.636654507294964e-06,0.01649286,0.0,-6.59163626823741e-07,0
1791032280,1517074000.0,1516255420.779171,1515518875.3471894,55.79059326143474,0.0002314199758294692,0.0,4.507e-05,-0.9972673023356773,-6.59163626823741e-07,0
1791032340,1517073000.0,1516333285.4668689,1515579821.4120054,55.78399434027868,2.636663197257343e-06,0.0,6.565e-05,0.45662303084091405,0.0,0
1791032400,1517072000.0,1516403639.231929,1515638338.2193778,55.77688955536251,1.3183307296301422e-06,0.00017533775588765728,0.00419356,62.87753236862149,6.591644958182604e-07,0
1791032460,1516807000.0,1516442054.543174,1515684168.0931277,53.82065527412263,0.000355478055330588,0.0,1.288e-05,-0.9969286238899646,0.00017536838899082086,0
1791032520,1516807000.0,1516476811.2533479,1515728200.7169266,53.82065527412263,-0.00017599668836193883,0.00017470910933296062,0.19703897,15297.056677018634,0.00017536838899082086,0
1791032580,1517073000.0,1516533591.1339815,1515780937.9437137,55.63216207426242,-6.59163626823741e-07,0.00017533764031131001,0.00019462,-0.9990122766070082,-0.00017533764031131001,0
1791032640,1517073000.0,1516584963.4069357,1515831607.04396,55.63216207426242,0.0,0.0,0.00105488,4.4202034734354125,-0.00017533764031131001,0
1791032700,1517000000.0,1516624490.7015133,1515877426.3755696,54.9461370499645,-4.745984369891475e-05,0.0,8.524e-05,-0.9191946003336873,-0.00012722478576137112,0
1791032760,1516807000.0,1516641872.5394645,1515913880.2431943,53.08240388464928,0.0,0.00012724097396702415,0.0007421,7.706006569685593,0.00017536838899082086,0
1791032820,1517073000.0,1516682932.2976108,1515959335.919932,55.331248227881574,0.00017536838899082086,0.00017533764031131001,0.02984684,39.21943134348471,-0.00017533764031131001,0
1791032880,1516807000.0,1516694748.2692668,1515992577.648562,52.615306594075285,-0.00017533764031131001,0.0,5.133e-05,-0.9982802199495826,0.0,0
1791032940,1517072000.0,1516730677.0055273,1516034907.9368536,54.98585014285008,-6.591640613207143e-07,0.0,0.00116981,21.78998636275083,6.591644958182604e-07,0
1791033000,1517073000.0,1516763279.195477,1516075617.429526,54.99499989730906,4.8121292023731045e-05,0.0,0.00012933,-0.8894435848556603,0.0,0
1791033060,1516807000.0,1516767443.0816221,1516104299.0989563,51.968985789065705,0.0,0.00017536838899082086,0.00148352,10.470811103378953,0.00017536838899082086,0
1791033120,1517073000.0,1516796543.7405152,1516142287.3695855,54.65589656773838,0.0,0.00017533764031131001,0.00309822,1.088424827437446,0.0,0
1791033180,1517073000.0,1516822872.908085,1516178785.9041116,54.65589656773838,0.00017536838899082086,0.00017533764031131001,0.0044687,0.44234431383181305,-4.811897647641214e-05,0
1791033240,1517073000.0,1516846694.5358865,1516213853.1235583,54.65589656773838,6.591644958182604e-07,0.00017533764031131001,0.00713806,0.5973459842907334,0.0,0
1791033300,1517073000.0,1516868247.4372306,1516247545.1579285,54.65589656773838,0.0,0.00017533764031131001,0.0005656,-0.9207627842859264,0.0,0
1791033360,1517073000.0,1516887747.681304,1516279915.936049,54.65589656773838,0.00017536838899082086,0.00017533764031131001,0.00016782,-0.7032885431400283,0.0,0
1791033420,1517073000.0,1516905390.759275,1516311017.2718902,54.655896567738374,0.0,0.0,0.00020142,0.20021451555237757,0.0,0
1791033480,1516807000.0,1516896020.2107725,1516330467.5749533,50.26916314160775,-0.00017533764031131001,0.00017536838899082086,0.00128242,5.366895045179227,0.00012724097396702415,0
1791033540,1516807000.0,1516887542.095461,1516349155.1210337,50.26916314160775,-0.00017533764031131001,0.00017536838899082086,0.00149663,0.16703576051527583,0.0001760276686486811,0
1791033600,1516807000.0,1516879871.4197028,1516367109.8221695,50.26916314160775,-0.00017533764031131001,0.0,0.0,-1.0,0.0001760276686486811,0
1791033660,1517073000.0,1516898264.6178262,1516394791.7899275,54.80017334800771,0.0,0.0,0.0,0.0,0.001598472848702732,0
1791033720,1516807000.0,1516889572.749462,1516410956.8177736,49.90366603597108,-0.00017533764031131001,0.00017536838899082086,0.00074279,0.0,0.001772802999986155,0
1791033780,1516807000.0,1516881708.6780846,1516426487.9229589,49.90366603597108,0.0,0.0,7.71e-06,-0.9896202156733398,0.001772802999986155,0
1791033840,1517073000.0,1516899926.8992195,1516451841.3377447,54.60755849648812,0.00017536838899082086,6.591640613207143e-07,0.00064596,82.78210116731518,0.0009386496233206972,0
1791033900,1517073000.0,1516916410.0516748,1516476200.5009704,54.60755849648811,0.00017536838899082086,0.0,0.00035965,-0.4432317790575268,0.0016116561299291464,0
1791033960,1517073000.0,1516931323.3800867,1516499604.402893,54.60755849648812,0.0,0.0,3.216e-05,-0.9105797302933407,0.0016116561299291464,0
1791034020,1517073000.0,1516944816.391507,1516522090.5047405,54.60755849648812,0.00017536838899082086,4.811897647641214e-05,0.00030667,8.535758706467663,0.0016109969658678258,0
1791034080,1517000000.0,1516950071.9732683,1516540832.053574,52.778252319040966,0.00012724097396702415,4.878048780487805e-05,0.02748699,88.63051488570777,0.0016460118655240606,0
1791034140,1517073000.0,1516961779.4043856,1516561701.3848064,54.422505797033196,0.0,0.0,0.00019557,-0.992884997593407,0.0015978136846414115,0
1791034200,1517073000.0,1516972371.8420632,1516581752.3108923,54.422505797033196,0.0,0.0,0.00328141,15.778698164340133,0.0015978136846414115,0
1791034260,1517073000.0,1516981955.4761524,1516601016.9261515,54.4225057970332,0.0,4.811897647641214e-05,0.00075521,-0.7698519843603816,0.0006110450848443021,0
1791034320,1517073000.0,1516990626.3831856,1516619526.0663025,54.4225057970332,0.0,0.0,0.0,-1.0,0.0015701287940659415,0
1791034380,1517000000.0,1516991519.1085966,1516634446.6127222,51.98769077038311,0.0,4.8121292023731045e-05,0.00029379,0.0,0.00098681608437706,0
1791034440,1517074000.0,1516999374.4315875,1516651684.0004585,54.2234451323107,6.591640613207143e-07,0.0,0.00015028,-0.4884781646754484,0.0009379898409701834,0
1791034500,1517074000.0,1517006481.6285791,1516668245.4122052,54.22344513231071,6.591640613207143e-07,0.0,0.0,-1.0,0.0015694685954673272,0
1791034560,1519498000.0,1517243769.092524,1516779216.180354,83.46853831669445,0.001598472848702732,0.0,9.909e-05,0.0,-0.0006587701991052308,0
1791034620,1519496000.0,1517458267.2741885,1516885756.722301,83.42118304715197,0.0015971545205800907,6.581129532423909e-07,4.555e-05,-0.5403168836411343,-2.6982631082938027e-05,0
1791034680,1519496000.0,1517652337.057599,1516988119.2037795,83.42118304715197,0.0016453526697429136,0.0,0.00476121,103.5271130625686,-2.6982631082938027e-05,0
1791034740,1518497000.0,1517732781.1473515,1517047290.9997096,62.785826417444156,0.0009379898409701834,0.0006585459174433667,0.00502552,0.055513199375788976,0.0006308869889107453,0
1791034800,1519518000.0,1517902801.9904609,1517144181.5487406,70.74950598284596,0.001610995903957223,0.0,0.00014475,-0.9711970104586193,-4.080241234391432e-05,0
1791034860,1519518000.0,1518056630.3723218,1517237272.4683979,70.74950598284596,1.3162241740364251e-05,8.357913496253417e-05,0.00021542,0.4882210708117444,-4.080241234391432e-05,0
1791034920,1519517000.0,1518195713.1940055,1517326673.5480685,70.73231238047045,1.3820372018090209e-05,0.0,0.0002537,0.17769937795933521,-4.08024391961393e-05,0
1791034980,1519497000.0,1518319645.270767,1517411784.3893209,70.36400645502039,6.581129532423909e-07,1.3162250402600334e-05,0.00070051,1.7611746156878203,-0.0006390272570462462,0
1791035040,1519497000.0,1518431774.2925987,1517493557.550524,70.36400645502039,0.0006585459174433667,1.57947004831204e-05,0.01241712,16.725828325077444,-2.76407258454607e-05,0
1791035100,1519497000.0,1518533224.3599703,1517572123.9210918,70.36400645502039,-1.3820171922938722e-05,6.581125201300167e-07,0.00373444,-0.6992507119203164,-9.279386533833235e-05,0
1791035160,1518000000.0,1518482441.0875921,1517588903.3751667,47.32629940449321,-0.000999000999000999,0.0009868247694334652,0.01442468,2.862608583884063,0.0008932806324110672,0
1791035220,1519455000.0,1518575065.7459166,1517662083.634964,60.77032379200302,-4.08024391961393e-05,0.000957580185000543,0.00753633,-0.4775391897775202,-0.001093813242248043,0
1791035280,1518497000.0,1518567630.9129722,1517694825.4532006,51.45768235561687,-0.0006581125201300167,0.0006275942593235285,0.0001168,-0.9845017402369588,1.9097831605857636e-05,0
1791035340,1518497000.0,1518560904.1593559,1517726283.2785652,51.45768235561687,-0.0006581125201300167,0.0,0.0,-1.0,-0.0017714885179226565,0
1791035400,1519455000.0,1518646056.144179,1517794076.0911705,58.78300880509251,-2.76407258454607e-05,0.0,0.0,0.0,-0.0009384943943716662,0
1791035460,1518497000.0,1518631860.320924,1517821641.734654,50.56541394613015,0.0003274044795783926,0.0,0.0,0.0,-0.001178138646306183,0
1791035520,1519455000.0,1518710254.5760741,1517885694.9999616,57.03391147600099,0.0,0.0,0.0,0.0,-0.0009384943943716662,0
1791035580,1519455000.0,1518781182.7116861,1517947236.372512,57.03391147600099,0.0006308869889107453,0.0,0.0,0.0,-0.0009384943943716662,0
1791035640,1519455000.0,1518845355.7867637,1518006364.3579037,57.03391147600099,0.0006308869889107453,0.0,0.00395781,0.0,-0.0009194086037427894,0
1791035700,1519456000.0,1518903512.3785005,1518063212.8144565,57.04123993721067,6.581307113405794e-07,0.0,0.0,-1.0,-0.000920066128930354,0
1791035760,1519456000.0,1518956130.2472148,1518117831.919772,57.04123993721067,0.0006315455348281886,0.0,0.0,0.0,-0.002237642945896426,0
1791035820,1519455000.0,1519003641.652242,1518170269.8837025,57.029958630732494,0.0,6.515494042271735e-05,0.02920097,0.0,-0.002598300048372607,0
1791035880,1518526000.0,1518958151.971076,1518184220.0843415,47.609637414319124,-0.0006114034308353982,0.0,0.0,-1.0,-0.00034770560398702426,0
1791035940,1519455000.0,1519005470.8309736,1518234054.590838,55.52178977589706,0.0,0.0,0.01116552,0.0,-0.0009588964464232241,0
1791036000,1519356000.0,1519038854.561357,1518278052.4500208,54.57588335093398,-6.581302782048312e-05,6.581735946019235e-07,6.272e-05,-0.9943827067615301,-0.0025333101656228032,0
1791036060,1519356000.0,1519069058.8888469,1518320324.9029613,54.57588335093398,-6.581302782048312e-05,0.0,1.833e-05,-0.707748724489796,-0.000893799741469412,0
1791036120,1517793000.0,1518947529.4708614,1518299645.495002,41.599219598243884,-0.001093813242248043,0.0,0.0,-1.0,0.00013506453119760072,0
1791036180,1518526000.0,1518907383.80697,1518308522.1422567,47.86044421983013,0.0,0.0,0.00074557,0.0,-0.001832698287681607,0
1791036240,1515807000.0,1518612109.158687,1518210423.2347174,33.509083053058205,-0.0024008608349704334,0.0017917848380433656,0.00189298,1.5389701838861545,0.0014447749614561749,0
1791036300,1518029000.0,1518556574.9530978,1518203308.5980618,47.39217616528683,-0.0008733963600367524,0.001585608707080036,0.0115892,5.122198861055055,-2.1079966193004218e-05,0
1791036360,1516708000.0,1518380520.1956599,1518144669.0451965,41.80382848649149,-0.0017428436785058934,0.0016628118266667018,0.00170124,-0.8532047078314293,0.000848548303298987,0
1791036420,1518029000.0,1518347042.0817876,1518140133.0042083,48.36130452629037,0.00015548892372016474,0.001661364835586145,4.528e-05,-0.9733841198184854,-0.001661364835586145,0
1791036480,1518029000.0,1518316752.3597126,1518135774.8471806,48.36130452629037,-0.0003272910704196043,0.0,3.44e-05,-0.24028268551236742,0.00019828343200294592,0
1791036540,1518058000.0,1518292109.2778351,1518132724.8531735,48.509024073415524,0.0014850175517067807,0.0016804364523621627,0.0005264,14.30232558139535,-0.0016804364523621627,0
1791036600,1518058000.0,1518269813.1561365,1518129794.4667745,48.509024073415524,1.9103719362410074e-05,0.0016804364523621627,0.00047925,-0.08957066869300909,-0.0010217000931453213,0
1791036660,1516056000.0,1518058973.807933,1518048469.1935675,39.46925940573107,-0.00042987839452287457,0.001682655521959611,0.00141893,1.9607303077725613,0.0016120776541235944,0
1791036720,1515507000.0,1517815928.683368,1517948803.7349963,37.41043054168343,-0.001661364835586145,0.001644334206308516,0.00012872,-0.9092837560697146,0.0019729371094953704,0
1791036780,1517998000.0,1517833268.8087616,1517950733.0002906,50.123334086869725,-2.0421217249472836e-05,0.0016409771290871267,0.00023334,0.8127719080174022,-0.000982214732825735,0
1791036840,1517998000.0,1517848957.4936414,1517952586.6081223,50.123334086869725,-3.952418155301049e-05,0.0016409771290871267,0.00034644,0.4847004371303676,-0.0017430853005076423,0
1791036900,1515507000.0,1517625913.9228184,1517856681.250941,40.56711179649521,-0.0016804364523621627,0.0,0.00349739,9.095225724512181,0.001871980795865674,0
1791036960,1517998000.0,1517661350.6920738,1517862223.162669,50.69119010920367,0.0012809553209116285,0.0016409771290871267,0.00025798,-0.9262364220175616,-0.0009657456729192001,0
1791037020,1517998000.0,1517693412.5309238,1517867547.744525,50.69119010920367,0.0016436743611213938,0.0016409771290871267,0.00074124,1.87324598806109,-0.0009664044353154615,0
1791037080,1515743000.0,1517507658.9565501,1517784232.1467004,43.00081486806481,-0.001485509203569438,0.0014877192241692688,0.00081462,0.09899627650963244,0.000519877050397066,0
1791037140,1517997000.0,1517554262.8654501,1517792575.9840846,51.00249297130537,-6.587623962613916e-07,0.0,0.00105629,0.29666593012693054,-0.001741768923126989,0
1791037200,1517997000.0,1517596428.306836,1517800592.6121597,51.00249297130539,0.0016430145159342716,0.0,0.0,-1.0,-0.000965746309116553,0
1791037260,1517995000.0,1517634387.5157087,1517808216.4312906,50.99512604119818,-1.9762871887841748e-06,0.0,0.0001303,0.0,-0.0017753681665618134,0
1791037320,1515507000.0,1517431779.1808794,1517717972.6496713,42.72707144883682,-0.0016409771290871267,0.0,0.0,-1.0,-0.00018211727164572648,0
1791037380,1518330000.0,1517517324.0207956,1517741973.7222333,52.19751510154378,0.0017067537174837687,0.0,0.0,0.0,-0.001995613601786173,0
1791037440,1515507000.0,1517325864.5902436,1517654327.6939104,44.307422446681585,-0.001640319447271635,0.0,6.437e-05,0.0,-0.0003345415098709541,0
1791037500,1516507000.0,1517247877.4864109,1517609334.451012,47.343798824371945,-0.0009815566170420626,0.0012311186166631609,0.00473962,72.63088395215162,-0.0009937309883831726,0
1791037560,1518500000.0,1517367127.2496097,1517644262.5117564,52.859997151944356,0.00033267566757466265,0.0,0.00085286,-0.8200573041720645,-0.0012966743496871914,0
1791037620,1518497000.0,1517474734.1782184,1517677703.1975698,52.851021988271526,0.0019729371094953704,0.0013118234675471865,0.00041898,-0.5087353141195506,-0.001294701273693659,0
1791037680,1516507000.0,1517382569.018388,1517631793.2682533,47.134044825536186,-0.0012006612528238261,0.0013122260563254902,0.00058966,0.40737028020430566,1.5825841885332544e-05,0
1791037740,1515352000.0,1517189181.4928272,1517542389.6106749,44.14902142158589,-0.00010227600400394059,0.0019744587396195736,0.00128645,1.1816809686938234,0.0004454410592390415,0
1791037800,1518344000.0,1517299164.207796,1517573825.312217,52.534951670731935,0.001211336314306495,0.0,0.00036813,-0.7138404135411404,-0.0015714488943217083,0
1791037860,1516532000.0,1517226100.9499106,1517532969.4176202,47.84922792012286,-0.0012960158050707936,1.648498020483577e-05,0.00599867,15.294977317795345,-0.0003784951455030293,0
1791037920,1516531000.0,1517159900.859443,1517493676.4992821,47.846691584349045,-0.001294701273693659,0.0,0.00014931,-0.9751094826019768,-0.00037783599543959206,0
1791037980,1516531000.0,1517100005.539496,1517455924.4797025,47.84669158434904,1.5825841885332544e-05,0.0,0.0,-1.0,-1.3187992860020665e-06,0
1791038040,1515353000.0,1516933624.0595438,1517373456.8530474,44.61571141623905,6.599126803541355e-07,0.0,4.736e-05,0.0,-0.00023294902243899606,0
1791038100,1516531000.0,1516895278.9110157,1517340419.3293984,48.370334723725406,-0.001194064059264567,0.0008572195359013433,0.00045059,8.51414695945946,-0.0006125822683479599,0
1791038160,1515300000.0,1516743347.586157,1517260402.8851082,44.94165955913038,-0.0008123798244943067,8.05121098132383e-05,0.00014691,-0.6739608069420094,0.00025737477727182735,0
1791038220,1515231000.0,1516599314.4827135,1517180818.4582412,44.750182046799914,-0.0008572195359013433,4.553761109692185e-05,0.00019183,0.30576543461983546,0.0008559750955464876,0
1791038280,1515300000.0,1516475570.2462645,1517107060.8716435,45.00252784796008,-0.000811720960534272,4.5535537517323305e-05,0.00043883,1.2875983944117189,0.00018610176202732133,0
1791038340,1515000000.0,1516335039.7466202,1517024431.0335398,44.06027112661722,-0.00023294902243899606,0.0010112211221122113,0.00703489,15.031014287993072,0.0010085808580858086,0
1791038400,1515000000.0,1516207893.104085,1516945041.581244,44.06027112661722,-0.0010095408534345819,0.0,0.0,-1.0,0.00045544554455445547,0
1791038460,1516531000.0,1516238665.1894102,1516928804.6564894,50.228195297391444,0.0008123803867221012,0.0,0.0,0.0,-0.000554555099763869,0
