timestamp,open,high,low,close,volume
1791043275,1668.0,1708.0,1620.0,1668.0,3155821387.0
1791043395,1667.0,1708.0,1620.0,1667.0,3167320086.0
1791043456,1665.0,1708.0,1620.0,1665.0,3167210641.0
1791043518,1665.0,1708.0,1620.0,1665.0,3167210641.0
1791043579,1665.0,1708.0,1620.0,1665.0,3167210641.0
1791043644,1665.0,1708.0,1620.0,1665.0,3167220599.0
1791043706,1665.0,1708.0,1620.0,1665.0,3167220599.0
1791043846,1665.0,1708.0,1620.0,1665.0,3164319580.0
1791043907,1665.0,1708.0,1620.0,1665.0,3164319580.0
1791043967,1665.0,1708.0,1620.0,1665.0,3164369282.0
1791044027,1665.0,1708.0,1620.0,1665.0,3164369282.0
1791044088,1665.0,1708.0,1620.0,1665.0,3155928128.0
1791044149,1665.0,1708.0,1620.0,1665.0,3155928128.0
1791044210,1665.0,1708.0,1620.0,1665.0,3156926076.0
1791044271,1665.0,1708.0,1620.0,1665.0,3156833877.0
1791044331,1665.0,1708.0,1620.0,1665.0,3156833877.0
1791044392,1665.0,1708.0,1620.0,1665.0,3156833877.0
1791044453,1664.0,1708.0,1620.0,1664.0,3150037587.0
1791044521,1664.0,1705.0,1620.0,1664.0,3149970822.0
1791044597,1664.0,1705.0,1620.0,1664.0,3149970822.0
1791044658,1664.0,1703.0,1620.0,1664.0,3149122855.0
1791044720,1664.0,1703.0,1620.0,1664.0,3149122855.0
1791044780,1664.0,1703.0,1620.0,1664.0,3149122855.0
1791044842,1658.0,1703.0,1620.0,1658.0,3161435503.0
1791044902,1658.0,1703.0,1620.0,1658.0,3161435503.0
1791044963,1661.0,1703.0,1620.0,1661.0,3166496694.0
1791045023,1663.0,1703.0,1620.0,1663.0,3166603921.0
1791045084,1663.0,1703.0,1620.0,1663.0,3166603921.0
1791045145,1663.0,1703.0,1620.0,1663.0,3147368738.0
1791045206,1663.0,1703.0,1620.0,1663.0,3147368738.0
1791045266,1663.0,1703.0,1620.0,1663.0,3147368738.0
1791045326,1663.0,1703.0,1620.0,1663.0,3147368738.0
1791045387,1663.0,1703.0,1620.0,1663.0,3147368738.0
1791045447,1662.0,1703.0,1620.0,1662.0,3147785366.0
1791045508,1662.0,1703.0,1620.0,1662.0,3147785366.0
1791045568,1662.0,1703.0,1620.0,1662.0,3147785366.0
1791045628,1662.0,1703.0,1620.0,1662.0,3147785366.0
1791045689,1662.0,1703.0,1620.0,1662.0,3147785366.0
1791045750,1669.0,1703.0,1620.0,1669.0,3141754148.0
1791045810,1667.0,1703.0,1620.0,1667.0,3141850756.0
1791045871,1666.0,1703.0,1620.0,1666.0,3142054896.0
1791045931,1666.0,1703.0,1620.0,1666.0,3142122428.0
